,Train Accuracy,Test Accuracy,Train Recall,Test Recall
LogReg_SMOTE,0.973243229083267,0.973243229083267,0.9468384432665693,0.8735703796003739
LogRegOpt_SMOTE,0.9276268456157931,0.9707158736256192,0.8735015728642364,0.874490083515049
XGBoostOpt_SMOTE,0.9850967147319416,0.9867124549329606,0.9703565085144237,0.8735407117321585
