,Train Accuracy,Test Accuracy,Train Recall,Test Recall
Dense_Network,0.9358670115470886,0.9859927892684937,0.8725127577781677,0.8746384382247925
